{"cameraMode":{"drawMode":0,"name":"Shaded","section":"Shading Mode"},"sceneLighting":true,"audioPlay":false,"sceneViewState":{"m_AlwaysRefresh":false,"showFog":true,"showSkybox":true,"showFlares":true,"showImageEffects":true,"showParticleSystems":true,"showVisualEffectGraphs":true,"m_FxEnabled":true},"in2DMode":false,"pivot":{"x":1.3570293188095093,"y":-3.5771188735961916,"z":2.7814009189605715},"rotation":{"x":0.23069554567337037,"y":-0.013139305636286736,"z":0.00312029174529016,"w":0.9729506969451904},"size":8.199999809265137,"orthographic":false}